,get_table,2023-06-20 19:37:04 +0530,2023-06-20 19:37:04 +0530,2023-06-20 19:37:05 +0530
,get_table,2023-06-20 19:37:15 +0530,2023-06-20 19:37:15 +0530,2023-06-20 19:37:16 +0530
,get_table,2023-06-20 19:39:10 +0530,2023-06-20 19:39:10 +0530,2023-06-20 19:39:11 +0530
,get_table,2023-06-20 19:39:21 +0530,2023-06-20 19:39:21 +0530,2023-06-20 19:39:22 +0530
,get_table,2023-06-20 19:41:33 +0530,2023-06-20 19:41:33 +0530,2023-06-20 19:41:33 +0530
,get_table,2023-06-20 19:41:43 +0530,2023-06-20 19:41:43 +0530,2023-06-20 19:41:44 +0530
,get_table,2023-06-20 19:42:13 +0530,2023-06-20 19:42:13 +0530,2023-06-20 19:42:13 +0530
,get_table,2023-06-20 19:42:23 +0530,2023-06-20 19:42:23 +0530,2023-06-20 19:42:24 +0530
,get_table,2023-06-20 19:44:57 +0530,2023-06-20 19:44:57 +0530,2023-06-20 19:44:58 +0530
,get_table,2023-06-20 19:45:08 +0530,2023-06-20 19:45:08 +0530,2023-06-20 19:45:08 +0530
,get_table,2023-06-20 19:46:37 +0530,2023-06-20 19:46:37 +0530,2023-06-20 19:46:38 +0530
,get_table,2023-06-20 19:46:48 +0530,2023-06-20 19:46:48 +0530,2023-06-20 19:46:49 +0530
,get_table,2023-06-20 19:47:48 +0530,2023-06-20 19:47:48 +0530,2023-06-20 19:47:48 +0530
,get_table,2023-06-20 19:47:58 +0530,2023-06-20 19:47:58 +0530,2023-06-20 19:47:59 +0530
,get_table,2023-06-20 19:51:01 +0530,2023-06-20 19:51:01 +0530,2023-06-20 19:51:02 +0530
,get_table,2023-06-20 19:51:12 +0530,2023-06-20 19:51:12 +0530,2023-06-20 19:51:12 +0530
,get_table,2023-06-20 19:52:06 +0530,2023-06-20 19:52:06 +0530,2023-06-20 19:52:07 +0530
,get_table,2023-06-20 19:52:08 +0530,2023-06-20 19:52:08 +0530,2023-06-20 19:52:09 +0530
,get_table,2023-06-20 19:53:12 +0530,2023-06-20 19:53:12 +0530,2023-06-20 19:53:13 +0530
,get_table,2023-06-20 19:53:14 +0530,2023-06-20 19:53:14 +0530,2023-06-20 19:53:15 +0530
,get_table,2023-06-20 19:53:38 +0530,2023-06-20 19:53:38 +0530,2023-06-20 19:53:38 +0530
,get_table,2023-06-20 19:53:39 +0530,2023-06-20 19:53:39 +0530,2023-06-20 19:53:40 +0530
,get_table,2023-06-20 20:01:05 +0530,2023-06-20 20:01:05 +0530,2023-06-20 20:01:06 +0530
,get_table,2023-06-20 20:01:07 +0530,2023-06-20 20:01:07 +0530,2023-06-20 20:01:08 +0530
,get_table,2023-06-20 20:01:25 +0530,2023-06-20 20:01:25 +0530,2023-06-20 20:01:26 +0530
,get_table,2023-06-20 20:01:27 +0530,2023-06-20 20:01:27 +0530,2023-06-20 20:01:28 +0530
,get_table,2023-06-21 08:16:38 +0530,2023-06-21 08:16:38 +0530,2023-06-21 08:16:39 +0530
,get_table,2023-06-21 08:18:51 +0530,2023-06-21 08:18:51 +0530,2023-06-21 08:18:52 +0530
,get_table,1687315823.704481,1687315823.7045484,1687315824.4179533
,get_table,1687315865.3698134,1687315865.3698883,1687315866.1176062
,get_table,1687315982.9868765,1687315982.9869456,1687315983.7658954
,get_table,1687315984.7695744,1687315984.7696557,1687315985.4972286
,get_table,1687316119.1663084,1687316119.1663723,1687316119.9298582
,get_table,1687316120.9333725,1687316120.9334457,1687316121.6228392
,get_table,1687316240.0585206,1687316240.0585935,1687316240.4617896
,get_table,1687316241.4655306,1687316241.465603,1687316241.7881165
,read_rows,1687316241.789004,1687316241.7890558,1687316241.794682
,read_rows,1687316242.2804728,1687316242.2805192,1687316242.2858095
,read_rows,1687316252.8020654,1687316252.8021362,1687316252.8025296
,read_rows,1687316252.867611,1687316252.867687,1687316252.8681118
,get_table,1687316306.933608,1687316306.933678,1687316307.6588442
,get_table,1687316308.662356,1687316308.6624634,1687316308.9911175
,read_rows,1687316308.992251,1687316308.9923003,1687316308.9982657
,read_rows,1687316309.3390791,1687316309.3391273,1687316309.345385
,read_rows,1687316319.8603182,1687316319.860395,1687316319.8607888
,read_rows,1687316319.9277625,1687316319.927916,1687316319.9282064
,get_table,1687316330.8889062,1687316330.8889728,1687316331.6032538
,get_table,1687316332.6069934,1687316332.607077,1687316332.9269612
,read_rows,1687316332.9280877,1687316332.9281445,1687316332.933612
,read_rows,1687316333.4075089,1687316333.4075687,1687316333.4139023
,read_rows,1687316343.809783,1687316343.8098667,1687316343.8101974
,read_rows,1687316343.875249,1687316343.875317,1687316343.8762834
,read_rows,1687316353.9527268,1687316353.9527934,1687316353.953142
,read_rows,1687316354.021,1687316354.0210645,1687316354.0213542
,read_rows,1687316364.0990322,1687316364.0991008,1687316364.099397
,read_rows,1687316364.1649115,1687316364.1650085,1687316364.165254
,read_rows,1687316374.240512,1687316374.2405827,1687316374.2409613
,read_rows,1687316374.3064592,1687316374.3065119,1687316374.3068476
,get_table,1687316388.5411382,1687316388.5412307,1687316388.874998
,get_table,1687316389.8781922,1687316389.878272,1687316390.2088118
,read_rows,1687316390.2098246,1687316390.2098773,1687316390.2174168
,read_rows,1687316390.587473,1687316390.5875344,1687316390.5933874
,read_rows,1687316400.958407,1687316400.9584703,1687316400.9588232
,read_rows,1687316401.0247557,1687316401.024822,1687316401.0252151
,read_rows,1687316411.1002727,1687316411.1003382,1687316411.1006677
,read_rows,1687316411.167094,1687316411.1671457,1687316411.167489
,read_rows,1687316421.245741,1687316421.2458076,1687316421.2462544
,read_rows,1687316421.312821,1687316421.3129325,1687316421.3133507
,read_rows,1687316431.3883781,1687316431.3884504,1687316431.3886895
,read_rows,1687316431.4559438,1687316431.4559877,1687316431.4562874
,get_table,1687316435.4942138,1687316435.4942825,1687316436.2533064
,get_table,1687316437.2565446,1687316437.2566905,1687316437.9499407
,get_table,1687316763.7433548,1687316763.7434242,1687316764.4551647
,get_table,1687316765.4584446,1687316765.4585438,1687316766.1605873
,get_table,1687316895.356969,1687316895.3570518,1687316896.0738695
,get_table,1687316897.077096,1687316897.0771692,1687316897.795505
,get_table,1687316986.7084844,1687316986.708593,1687316987.4213805
,get_table,1687316988.4247723,1687316988.4248435,1687316989.1259713
,get_table,2023-06-21 08:43:28 +0530,2023-06-21 08:43:28 +0530,2023-06-21 08:43:29 +0530
,get_table,2023-06-21 08:43:30 +0530,2023-06-21 08:43:30 +0530,2023-06-21 08:43:31 +0530
,get_table,2023-06-21 08:45:24 +0530,2023-06-21 08:45:25 +0530
,get_table,2023-06-21 08:45:26 +0530,2023-06-21 08:45:28 +0530
,get_table,2023-06-21 08:46:07 +0530,2023-06-21 08:46:07 +0530
,get_table,2023-06-21 08:46:08 +0530,2023-06-21 08:46:08 +0530
,get_table,2023-06-21 08:49:11 +0530,2023-06-21 08:49:11 +0530
,get_table,2023-06-21 08:49:12 +0530,2023-06-21 08:49:13 +0530
,get_table,2023-06-21 08:54:31 +0530,2023-06-21 08:54:32 +0530
,get_table,2023-06-21 08:54:33 +0530,2023-06-21 08:54:34 +0530
,get_table,2023-06-21 08:55:00 +0530,2023-06-21 08:55:00 +0530
,get_table,2023-06-21 08:55:01 +0530,2023-06-21 08:55:01 +0530
,get_table,2023-06-21 08:56:00 +0530,2023-06-21 08:56:00 +0530
,get_table,2023-06-21 08:56:01 +0530,2023-06-21 08:56:02 +0530
,get_table,2023-06-21 09:01:30 +0530,2023-06-21 09:01:30 +0530
,get_table,2023-06-21 09:01:31 +0530,2023-06-21 09:01:32 +0530
,get_table,2023-06-21 09:03:48 +0530,2023-06-21 09:03:49 +0530
,get_table,2023-06-21 09:03:50 +0530,2023-06-21 09:03:50 +0530
,get_table,2023-06-21 09:04:02 +0530,2023-06-21 09:04:03 +0530
,get_table,2023-06-21 09:04:04 +0530,2023-06-21 09:04:04 +0530
,get_table,2023-06-21 09:56:27 +0530,2023-06-21 09:56:27 +0530
,get_table,2023-06-21 09:56:28 +0530,2023-06-21 09:56:29 +0530
,get_table,2023-06-21 10:29:30 +0530,2023-06-21 10:29:31 +0530
,get_table,2023-06-21 10:29:32 +0530,2023-06-21 10:29:33 +0530
,get_table,2023-06-21 10:34:04 +0530,2023-06-21 10:34:04 +0530
,get_table,2023-06-21 10:34:05 +0530,2023-06-21 10:34:06 +0530
,get_table,2023-06-21 10:34:41 +0530,2023-06-21 10:34:42 +0530
,get_table,2023-06-21 10:34:43 +0530,2023-06-21 10:34:44 +0530
,get_table,2023-06-21 14:43:09 +0530,2023-06-21 14:43:10 +0530
,get_table,2023-06-21 14:43:11 +0530,2023-06-21 14:43:12 +0530
,get_table,2023-06-21 14:44:40 +0530,2023-06-21 14:44:41 +0530
,get_table,2023-06-21 14:44:42 +0530,2023-06-21 14:44:43 +0530
,get_table,2023-06-21 14:45:22 +0530,2023-06-21 14:45:23 +0530
,get_table,2023-06-21 14:45:24 +0530,2023-06-21 14:45:24 +0530
,get_table,2023-06-21 14:45:46 +0530,2023-06-21 14:45:46 +0530
,get_table,2023-06-21 14:45:47 +0530,2023-06-21 14:45:48 +0530
,get_table,2023-06-21 14:46:49 +0530,2023-06-21 14:46:50 +0530
,get_table,2023-06-21 14:46:51 +0530,2023-06-21 14:46:51 +0530
,get_table,2023-06-21 15:56:03 +0530,2023-06-21 15:56:04 +0530
,get_table,2023-06-21 15:56:05 +0530,2023-06-21 15:56:06 +0530
,get_table,2023-06-21 15:56:54 +0530,2023-06-21 15:56:54 +0530
,get_table,2023-06-21 15:56:55 +0530,2023-06-21 15:56:56 +0530
,get_table,2023-06-21 15:57:51 +0530,2023-06-21 15:57:51 +0530
,get_table,2023-06-21 15:57:52 +0530,2023-06-21 15:57:53 +0530
,get_table,2023-06-21 16:08:18 +0530,2023-06-21 16:08:19 +0530
,get_table,2023-06-21 16:08:46 +0530,2023-06-21 16:08:47 +0530
,get_table,2023-06-21 16:18:47 +0530,2023-06-21 16:18:48 +0530
,get_table,2023-06-21 17:26:52 +0530,2023-06-21 17:26:53 +0530
,get_table,2023-06-21 17:26:54 +0530,2023-06-21 17:26:55 +0530
,get_table,2023-06-21 17:28:00 +0530,2023-06-21 17:28:01 +0530
,get_table,2023-06-21 17:28:02 +0530,2023-06-21 17:28:02 +0530
,get_table,2023-06-22 09:13:44 +0530,2023-06-22 09:13:45 +0530
,get_table,2023-06-22 09:15:05 +0530,2023-06-22 09:15:06 +0530
,get_table,2023-06-22 09:17:49 +0530,2023-06-22 09:17:50 +0530
,get_table,2023-06-22 09:17:51 +0530,2023-06-22 09:17:52 +0530
,get_table,2023-06-22 09:30:18 +0530,2023-06-22 09:30:19 +0530
,get_table,2023-06-22 09:30:20 +0530,2023-06-22 09:30:21 +0530
,get_table,2023-06-22 09:32:45 +0530,2023-06-22 09:32:46 +0530
,get_table,2023-06-22 09:32:47 +0530,2023-06-22 09:32:48 +0530
,get_table,2023-06-22 09:33:32 +0530,2023-06-22 09:33:32 +0530
,get_table,2023-06-22 09:33:34 +0530,2023-06-22 09:33:35 +0530
,get_table,2023-06-22 09:34:48 +0530,2023-06-22 09:34:49 +0530
,get_table,2023-06-22 09:34:50 +0530,2023-06-22 09:34:51 +0530
,get_table,2023-06-22 09:35:41 +0530,2023-06-22 09:35:41 +0530
,get_table,2023-06-22 09:35:43 +0530,2023-06-22 09:35:43 +0530
,ping_and_warm,2023-06-22 09:36:01 +0530,2023-06-22 09:36:01 +0530
,ping_and_warm,2023-06-22 09:36:01 +0530,2023-06-22 09:36:01 +0530
,read_rows,2023-06-22 09:36:04 +0530,2023-06-22 09:36:04 +0530
,read_rows,2023-06-22 09:36:04 +0530,2023-06-22 09:36:04 +0530
,read_rows,2023-06-22 09:36:14 +0530,2023-06-22 09:36:14 +0530
,read_rows,2023-06-22 09:36:14 +0530,2023-06-22 09:36:14 +0530
,get_table,2023-06-22 09:36:19 +0530,2023-06-22 09:36:20 +0530
,get_table,2023-06-22 09:36:21 +0530,2023-06-22 09:36:22 +0530
,ping_and_warm,2023-06-22 09:36:39 +0530,2023-06-22 09:36:40 +0530
,ping_and_warm,2023-06-22 09:36:40 +0530,2023-06-22 09:36:40 +0530
,read_rows,2023-06-22 09:36:43 +0530,2023-06-22 09:36:43 +0530
,read_rows,2023-06-22 09:36:43 +0530,2023-06-22 09:36:43 +0530
,read_rows,2023-06-22 09:36:53 +0530,2023-06-22 09:36:53 +0530
,read_rows,2023-06-22 09:36:53 +0530,2023-06-22 09:36:53 +0530
,ping_and_warm,2023-06-22 09:37:00 +0530,2023-06-22 09:37:00 +0530
,ping_and_warm,2023-06-22 09:37:00 +0530,2023-06-22 09:37:01 +0530
,read_rows,2023-06-22 09:37:03 +0530,2023-06-22 09:37:03 +0530
,read_rows,2023-06-22 09:37:03 +0530,2023-06-22 09:37:03 +0530
,read_rows,2023-06-22 09:37:13 +0530,2023-06-22 09:37:13 +0530
,read_rows,2023-06-22 09:37:13 +0530,2023-06-22 09:37:13 +0530
,ping_and_warm,2023-06-22 09:37:21 +0530,2023-06-22 09:37:21 +0530
,ping_and_warm,2023-06-22 09:37:21 +0530,2023-06-22 09:37:21 +0530
,read_rows,2023-06-22 09:37:23 +0530,2023-06-22 09:37:23 +0530
,read_rows,2023-06-22 09:37:24 +0530,2023-06-22 09:37:24 +0530
,read_rows,2023-06-22 09:37:34 +0530,2023-06-22 09:37:34 +0530
,read_rows,2023-06-22 09:37:34 +0530,2023-06-22 09:37:34 +0530
,ping_and_warm,2023-06-22 09:37:41 +0530,2023-06-22 09:37:42 +0530
,ping_and_warm,2023-06-22 09:37:42 +0530,2023-06-22 09:37:42 +0530
,read_rows,2023-06-22 09:37:44 +0530,2023-06-22 09:37:44 +0530
,read_rows,2023-06-22 09:37:44 +0530,2023-06-22 09:37:44 +0530
,read_rows,2023-06-22 09:37:54 +0530,2023-06-22 09:37:54 +0530
,read_rows,2023-06-22 09:37:54 +0530,2023-06-22 09:37:54 +0530
,ping_and_warm,2023-06-22 09:38:02 +0530,2023-06-22 09:38:03 +0530
,ping_and_warm,2023-06-22 09:38:03 +0530,2023-06-22 09:38:03 +0530
,read_rows,2023-06-22 09:38:04 +0530,2023-06-22 09:38:04 +0530
,read_rows,2023-06-22 09:38:04 +0530,2023-06-22 09:38:04 +0530
,read_rows,2023-06-22 09:38:14 +0530,2023-06-22 09:38:14 +0530
,read_rows,2023-06-22 09:38:14 +0530,2023-06-22 09:38:14 +0530
,ping_and_warm,2023-06-22 09:38:23 +0530,2023-06-22 09:38:23 +0530
,ping_and_warm,2023-06-22 09:38:23 +0530,2023-06-22 09:38:24 +0530
,read_rows,2023-06-22 09:38:24 +0530,2023-06-22 09:38:24 +0530
,read_rows,2023-06-22 09:38:24 +0530,2023-06-22 09:38:24 +0530
,read_rows,2023-06-22 09:38:35 +0530,2023-06-22 09:38:35 +0530
,read_rows,2023-06-22 09:38:35 +0530,2023-06-22 09:38:35 +0530
,ping_and_warm,2023-06-22 09:38:44 +0530,2023-06-22 09:38:44 +0530
,ping_and_warm,2023-06-22 09:38:44 +0530,2023-06-22 09:38:44 +0530
,read_rows,2023-06-22 09:38:45 +0530,2023-06-22 09:38:45 +0530
,read_rows,2023-06-22 09:38:45 +0530,2023-06-22 09:38:45 +0530
,read_rows,2023-06-22 09:38:55 +0530,2023-06-22 09:38:55 +0530
,read_rows,2023-06-22 09:38:55 +0530,2023-06-22 09:38:55 +0530
,ping_and_warm,2023-06-22 09:39:04 +0530,2023-06-22 09:39:04 +0530
,ping_and_warm,2023-06-22 09:39:04 +0530,2023-06-22 09:39:05 +0530
,read_rows,2023-06-22 09:39:05 +0530,2023-06-22 09:39:05 +0530
,read_rows,2023-06-22 09:39:05 +0530,2023-06-22 09:39:05 +0530
,read_rows,2023-06-22 09:39:15 +0530,2023-06-22 09:39:15 +0530
,read_rows,2023-06-22 09:39:15 +0530,2023-06-22 09:39:15 +0530
,ping_and_warm,2023-06-22 09:39:25 +0530,2023-06-22 09:39:25 +0530
,ping_and_warm,2023-06-22 09:39:25 +0530,2023-06-22 09:39:25 +0530
,read_rows,2023-06-22 09:39:25 +0530,2023-06-22 09:39:25 +0530
,read_rows,2023-06-22 09:39:25 +0530,2023-06-22 09:39:25 +0530
,read_rows,2023-06-22 09:39:36 +0530,2023-06-22 09:39:36 +0530
,read_rows,2023-06-22 09:39:36 +0530,2023-06-22 09:39:36 +0530
,ping_and_warm,2023-06-22 09:39:45 +0530,2023-06-22 09:39:46 +0530
,read_rows,2023-06-22 09:39:46 +0530,2023-06-22 09:39:46 +0530
,read_rows,2023-06-22 09:39:46 +0530,2023-06-22 09:39:46 +0530
,ping_and_warm,2023-06-22 09:39:46 +0530,2023-06-22 09:39:46 +0530
,read_rows,2023-06-22 09:39:56 +0530,2023-06-22 09:39:56 +0530
,read_rows,2023-06-22 09:39:56 +0530,2023-06-22 09:39:56 +0530
,read_rows,2023-06-22 09:40:06 +0530,2023-06-22 09:40:06 +0530
,read_rows,2023-06-22 09:40:06 +0530,2023-06-22 09:40:06 +0530
,ping_and_warm,2023-06-22 09:40:06 +0530,2023-06-22 09:40:06 +0530
,ping_and_warm,2023-06-22 09:40:06 +0530,2023-06-22 09:40:07 +0530
,read_rows,2023-06-22 09:40:16 +0530,2023-06-22 09:40:16 +0530
,read_rows,2023-06-22 09:40:16 +0530,2023-06-22 09:40:16 +0530
,read_rows,2023-06-22 09:40:26 +0530,2023-06-22 09:40:26 +0530
,read_rows,2023-06-22 09:40:26 +0530,2023-06-22 09:40:26 +0530
,ping_and_warm,2023-06-22 09:40:27 +0530,2023-06-22 09:40:27 +0530
,ping_and_warm,2023-06-22 09:40:27 +0530,2023-06-22 09:40:27 +0530
,read_rows,2023-06-22 09:40:36 +0530,2023-06-22 09:40:36 +0530
,read_rows,2023-06-22 09:40:37 +0530,2023-06-22 09:40:37 +0530
,read_rows,2023-06-22 09:40:47 +0530,2023-06-22 09:40:47 +0530
,read_rows,2023-06-22 09:40:47 +0530,2023-06-22 09:40:47 +0530
,ping_and_warm,2023-06-22 09:40:47 +0530,2023-06-22 09:40:48 +0530
,ping_and_warm,2023-06-22 09:40:48 +0530,2023-06-22 09:40:48 +0530
,read_rows,2023-06-22 09:40:57 +0530,2023-06-22 09:40:57 +0530
,read_rows,2023-06-22 09:40:57 +0530,2023-06-22 09:40:57 +0530
,read_rows,2023-06-22 09:41:07 +0530,2023-06-22 09:41:07 +0530
,read_rows,2023-06-22 09:41:07 +0530,2023-06-22 09:41:07 +0530
,ping_and_warm,2023-06-22 09:41:08 +0530,2023-06-22 09:41:08 +0530
,ping_and_warm,2023-06-22 09:41:08 +0530,2023-06-22 09:41:09 +0530
,read_rows,2023-06-22 09:41:17 +0530,2023-06-22 09:41:17 +0530
,read_rows,2023-06-22 09:41:17 +0530,2023-06-22 09:41:17 +0530
,read_rows,2023-06-22 09:41:27 +0530,2023-06-22 09:41:27 +0530
,read_rows,2023-06-22 09:41:27 +0530,2023-06-22 09:41:27 +0530
,ping_and_warm,2023-06-22 09:41:29 +0530,2023-06-22 09:41:29 +0530
,ping_and_warm,2023-06-22 09:41:29 +0530,2023-06-22 09:41:29 +0530
,read_rows,2023-06-22 09:41:37 +0530,2023-06-22 09:41:37 +0530
,read_rows,2023-06-22 09:41:37 +0530,2023-06-22 09:41:37 +0530
,get_table,2023-06-22 09:45:20 +0530,2023-06-22 09:45:21 +0530
,get_table,2023-06-22 09:45:49 +0530,2023-06-22 09:45:49 +0530
,ping_and_warm,2023-06-22 09:46:09 +0530,2023-06-22 09:46:09 +0530
,read_rows,2023-06-22 09:46:11 +0530,2023-06-22 09:46:11 +0530
,read_rows,2023-06-22 09:46:21 +0530,2023-06-22 09:46:21 +0530
,ping_and_warm,2023-06-22 09:46:29 +0530,2023-06-22 09:46:29 +0530
,read_rows,2023-06-22 09:46:31 +0530,2023-06-22 09:46:31 +0530
,read_rows,2023-06-22 09:46:41 +0530,2023-06-22 09:46:41 +0530
,ping_and_warm,2023-06-22 09:46:49 +0530,2023-06-22 09:46:50 +0530
,read_rows,2023-06-22 09:46:51 +0530,2023-06-22 09:46:51 +0530
,read_rows,2023-06-22 09:47:01 +0530,2023-06-22 09:47:01 +0530
,ping_and_warm,2023-06-22 09:47:10 +0530,2023-06-22 09:47:10 +0530
,read_rows,2023-06-22 09:47:11 +0530,2023-06-22 09:47:11 +0530
,read_rows,2023-06-22 09:47:21 +0530,2023-06-22 09:47:21 +0530
,ping_and_warm,2023-06-22 09:47:30 +0530,2023-06-22 09:47:30 +0530
,read_rows,2023-06-22 09:47:31 +0530,2023-06-22 09:47:31 +0530
,read_rows,2023-06-22 09:47:41 +0530,2023-06-22 09:47:41 +0530
,ping_and_warm,2023-06-22 09:47:50 +0530,2023-06-22 09:47:51 +0530
,read_rows,2023-06-22 09:47:51 +0530,2023-06-22 09:47:51 +0530
,read_rows,2023-06-22 09:48:01 +0530,2023-06-22 09:48:01 +0530
,ping_and_warm,2023-06-22 09:48:11 +0530,2023-06-22 09:48:11 +0530
,read_rows,2023-06-22 09:48:11 +0530,2023-06-22 09:48:11 +0530
,read_rows,2023-06-22 09:48:21 +0530,2023-06-22 09:48:21 +0530
,read_rows,2023-06-22 09:48:31 +0530,2023-06-22 09:48:31 +0530
,ping_and_warm,2023-06-22 09:48:31 +0530,2023-06-22 09:48:31 +0530
,read_rows,2023-06-22 09:48:41 +0530,2023-06-22 09:48:41 +0530
,read_rows,2023-06-22 09:48:51 +0530,2023-06-22 09:48:51 +0530
,ping_and_warm,2023-06-22 09:48:51 +0530,2023-06-22 09:48:52 +0530
,read_rows,2023-06-22 09:49:01 +0530,2023-06-22 09:49:01 +0530
,read_rows,2023-06-22 09:49:11 +0530,2023-06-22 09:49:11 +0530
,ping_and_warm,2023-06-22 09:49:12 +0530,2023-06-22 09:49:12 +0530
